{
  "data": [
    {
      "countryName": "Myanmar",
      "countryCode1": "MM",
      "countryCode2": "MMR",
      "countryFlag": "MM.png",
      "capital": "",
      "currencyCode": "MMK",
      "currencyName": "Kyat",
      "currencySymbol": "K",
      "capitalLatitude": null,
      "capitalLongitude": null,
      "isoNumeric": 104
    },
    {
      "countryName": "U.S. Virgin Island",
      "countryCode1": "VI",
      "countryCode2": "VIR",
      "countryFlag": "VI.png",
      "capital": "",
      "currencyCode": "USD",
      "currencyName": "Dollar",
      "currencySymbol": "$",
      "capitalLatitude": null,
      "capitalLongitude": null,
      "isoNumeric": 850
    },
    {
      "countryName": "Latvia",
      "countryCode1": "LV",
      "countryCode2": "LVA",
      "countryFlag": "LV.png",
      "capital": "",
      "currencyCode": "LVL",
      "currencyName": "Lat",
      "currencySymbol": "Ls",
      "capitalLatitude": null,
      "capitalLongitude": null,
      "isoNumeric": 428
    },
    {
      "countryName": "British Indian Ocean Teritory",
      "countryCode1": "IO",
      "countryCode2": "IOT",
      "countryFlag": "IO.png",
      "capital": "",
      "currencyCode": "USD",
      "currencyName": "Dollar",
      "currencySymbol": "$",
      "capitalLatitude": null,
      "capitalLongitude": null,
      "isoNumeric": 86
    },
    {
      "countryName": "Reunion",
      "countryCode1": "RE",
      "countryCode2": "REU",
      "countryFlag": "RE.png",
      "capital": "",
      "currencyCode": "EUR",
      "currencyName": "Euro",
      "currencySymbol": "€",
      "capitalLatitude": null,
      "capitalLongitude": null,
      "isoNumeric": 638
    },
    {
      "countryName": "Gabon",
      "countryCode1": "GA",
      "countryCode2": "GAB",
      "countryFlag": "GA.png",
      "capital": "",
      "currencyCode": "XAF",
      "currencyName": "Franc",
      "currencySymbol": "FCF",
      "capitalLatitude": null,
      "capitalLongitude": null,
      "isoNumeric": 266
    },
    {
      "countryName": "Guyana",
      "countryCode1": "GY",
      "countryCode2": "GUY",
      "countryFlag": "GY.png",
      "capital": "",
      "currencyCode": "GYD",
      "currencyName": "Dollar",
      "currencySymbol": "$",
      "capitalLatitude": null,
      "capitalLongitude": null,
      "isoNumeric": 328
    },
    {
      "countryName": "Tajikistan",
      "countryCode1": "TJ",
      "countryCode2": "TJK",
      "countryFlag": "TJ.png",
      "capital": "",
      "currencyCode": "TJS",
      "currencyName": "Somoni",
      "currencySymbol": "",
      "capitalLatitude": null,
      "capitalLongitude": null,
      "isoNumeric": 762
    },
    {
      "countryName": "Slovenia",
      "countryCode1": "SI",
      "countryCode2": "SVN",
      "countryFlag": "SI.png",
      "capital": "",
      "currencyCode": "EUR",
      "currencyName": "Euro",
      "currencySymbol": "€",
      "capitalLatitude": null,
      "capitalLongitude": null,
      "isoNumeric": 705
    },
    {
      "countryName": "Martinique",
      "countryCode1": "MQ",
      "countryCode2": "MTQ",
      "countryFlag": "MQ.png",
      "capital": "",
      "currencyCode": "EUR",
      "currencyName": "Euro",
      "currencySymbol": "€",
      "capitalLatitude": null,
      "capitalLongitude": null,
      "isoNumeric": 474
    },
    {
      "countryName": "Puerto Rico",
      "countryCode1": "PR",
      "countryCode2": "PRI",
      "countryFlag": "PR.png",
      "capital": "",
      "currencyCode": "USD",
      "currencyName": "Dollar",
      "currencySymbol": "$",
      "capitalLatitude": null,
      "capitalLongitude": null,
      "isoNumeric": 630
    },
    {
      "countryName": "Niger",
      "countryCode1": "NE",
      "countryCode2": "NER",
      "countryFlag": "NE.png",
      "capital": "",
      "currencyCode": "XOF",
      "currencyName": "Franc",
      "currencySymbol": "",
      "capitalLatitude": null,
      "capitalLongitude": null,
      "isoNumeric": 562
    },
    {
      "countryName": "Faroe Islands",
      "countryCode1": "FO",
      "countryCode2": "FRO",
      "countryFlag": "FO.png",
      "capital": "",
      "currencyCode": "DKK",
      "currencyName": "Krone",
      "currencySymbol": "kr",
      "capitalLatitude": null,
      "capitalLongitude": null,
      "isoNumeric": 234
    },
    {
      "countryName": "Reunion",
      "countryCode1": "RE",
      "countryCode2": "REU",
      "countryFlag": "RE.png",
      "capital": "",
      "currencyCode": null,
      "currencyName": null,
      "currencySymbol": null,
      "capitalLatitude": null,
      "capitalLongitude": null,
      "isoNumeric": 0
    },
    {
      "countryName": "Hong Kong",
      "countryCode1": "HK",
      "countryCode2": "HKG",
      "countryFlag": "HK.png",
      "capital": "",
      "currencyCode": "HKD",
      "currencyName": "Dollar",
      "currencySymbol": "$",
      "capitalLatitude": null,
      "capitalLongitude": null,
      "isoNumeric": 344
    },
    {
      "countryName": "Bhutan",
      "countryCode1": "BT",
      "countryCode2": "BTN",
      "countryFlag": "BT.png",
      "capital": "",
      "currencyCode": "BTN",
      "currencyName": "Ngultrum",
      "currencySymbol": "",
      "capitalLatitude": null,
      "capitalLongitude": null,
      "isoNumeric": 64
    },
    {
      "countryName": "Tokelau",
      "countryCode1": "TK",
      "countryCode2": "TKL",
      "countryFlag": "TK.png",
      "capital": "",
      "currencyCode": "NZD",
      "currencyName": "Dollar",
      "currencySymbol": "$",
      "capitalLatitude": null,
      "capitalLongitude": null,
      "isoNumeric": 772
    },
    {
      "countryName": "Bahrain",
      "countryCode1": "BH",
      "countryCode2": "BHR",
      "countryFlag": "BH.png",
      "capital": "",
      "currencyCode": "BHD",
      "currencyName": "Dinar",
      "currencySymbol": "",
      "capitalLatitude": null,
      "capitalLongitude": null,
      "isoNumeric": 48
    },
    {
      "countryName": "Tonga",
      "countryCode1": "TO",
      "countryCode2": "TON",
      "countryFlag": "TO.png",
      "capital": "",
      "currencyCode": "TOP",
      "currencyName": "Pa'anga",
      "currencySymbol": "T$",
      "capitalLatitude": null,
      "capitalLongitude": null,
      "isoNumeric": 776
    },
    {
      "countryName": "El Salvador",
      "countryCode1": "SV",
      "countryCode2": "SLV",
      "countryFlag": "SV.png",
      "capital": "",
      "currencyCode": "SVC",
      "currencyName": "Colone",
      "currencySymbol": "$",
      "capitalLatitude": null,
      "capitalLongitude": null,
      "isoNumeric": 222
    },
    {
      "countryName": "Uruguay",
      "countryCode1": "UY",
      "countryCode2": "URY",
      "countryFlag": "UY.png",
      "capital": "",
      "currencyCode": "UYU",
      "currencyName": "Peso",
      "currencySymbol": "$U",
      "capitalLatitude": null,
      "capitalLongitude": null,
      "isoNumeric": 858
    },
    {
      "countryName": "Jamaica",
      "countryCode1": "JM",
      "countryCode2": "JAM",
      "countryFlag": "JM.png",
      "capital": "",
      "currencyCode": "JMD",
      "currencyName": "Dollar",
      "currencySymbol": "$",
      "capitalLatitude": null,
      "capitalLongitude": null,
      "isoNumeric": 388
    },
    {
      "countryName": "Libya",
      "countryCode1": "LY",
      "countryCode2": "LBY",
      "countryFlag": "LY.png",
      "capital": "",
      "currencyCode": "LYD",
      "currencyName": "Dinar",
      "currencySymbol": "",
      "capitalLatitude": null,
      "capitalLongitude": null,
      "isoNumeric": 434
    },
    {
      "countryName": "Bolivia",
      "countryCode1": "BO",
      "countryCode2": "BOL",
      "countryFlag": "BO.png",
      "capital": "",
      "currencyCode": "BOB",
      "currencyName": "Boliviano",
      "currencySymbol": "$b",
      "capitalLatitude": null,
      "capitalLongitude": null,
      "isoNumeric": 68
    },
    {
      "countryName": "Grenada",
      "countryCode1": "GD",
      "countryCode2": "GRD",
      "countryFlag": "GD.png",
      "capital": "",
      "currencyCode": "XCD",
      "currencyName": "Dollar",
      "currencySymbol": "$",
      "capitalLatitude": null,
      "capitalLongitude": null,
      "isoNumeric": 308
    },
    {
      "countryName": "French Guiana",
      "countryCode1": "GF",
      "countryCode2": "GUF",
      "countryFlag": "GF.png",
      "capital": "",
      "currencyCode": "EUR",
      "currencyName": "Euro",
      "currencySymbol": "€",
      "capitalLatitude": null,
      "capitalLongitude": null,
      "isoNumeric": 254
    },
    {
      "countryName": "Jordan",
      "countryCode1": "JO",
      "countryCode2": "JOR",
      "countryFlag": "JO.png",
      "capital": "",
      "currencyCode": "JOD",
      "currencyName": "Dinar",
      "currencySymbol": "",
      "capitalLatitude": null,
      "capitalLongitude": null,
      "isoNumeric": 400
    },
    {
      "countryName": "ReunionChanged",
      "countryCode1": "RE",
      "countryCode2": "REU",
      "countryFlag": "RE.png",
      "capital": "",
      "currencyCode": null,
      "currencyName": null,
      "currencySymbol": null,
      "capitalLatitude": null,
      "capitalLongitude": null,
      "isoNumeric": 0
    },
    {
      "countryName": "Pakistan",
      "countryCode1": "PK",
      "countryCode2": "PAK",
      "countryFlag": "PK.png",
      "capital": "",
      "currencyCode": "PKR",
      "currencyName": "Rupee",
      "currencySymbol": "?",
      "capitalLatitude": null,
      "capitalLongitude": null,
      "isoNumeric": 586
    },
    {
      "countryName": "Thailand",
      "countryCode1": "TH",
      "countryCode2": "THA",
      "countryFlag": "TH.png",
      "capital": "",
      "currencyCode": "THB",
      "currencyName": "Baht",
      "currencySymbol": "?",
      "capitalLatitude": null,
      "capitalLongitude": null,
      "isoNumeric": 764
    },
    {
      "countryName": "East Timor",
      "countryCode1": "TL",
      "countryCode2": "TLS",
      "countryFlag": "TL.png",
      "capital": "",
      "currencyCode": "USD",
      "currencyName": "Dollar",
      "currencySymbol": "$",
      "capitalLatitude": null,
      "capitalLongitude": null,
      "isoNumeric": 626
    },
    {
      "countryName": "Nepal",
      "countryCode1": "NP",
      "countryCode2": "NPL",
      "countryFlag": "NP.png",
      "capital": "",
      "currencyCode": "NPR",
      "currencyName": "Rupee",
      "currencySymbol": "?",
      "capitalLatitude": null,
      "capitalLongitude": null,
      "isoNumeric": 524
    },
    {
      "countryName": "Colombia",
      "countryCode1": "CO",
      "countryCode2": "COL",
      "countryFlag": "CO.png",
      "capital": "",
      "currencyCode": "COP",
      "currencyName": "Peso",
      "currencySymbol": "$",
      "capitalLatitude": null,
      "capitalLongitude": null,
      "isoNumeric": 170
    },
    {
      "countryName": "Dominican Republic",
      "countryCode1": "DO",
      "countryCode2": "DOM",
      "countryFlag": "DO.png",
      "capital": "",
      "currencyCode": "DOP",
      "currencyName": "Peso",
      "currencySymbol": "RD$",
      "capitalLatitude": null,
      "capitalLongitude": null,
      "isoNumeric": 214
    },
    {
      "countryName": "Saint Kitts and Nevis",
      "countryCode1": "KN",
      "countryCode2": "KNA",
      "countryFlag": "KN.png",
      "capital": "",
      "currencyCode": "XCD",
      "currencyName": "Dollar",
      "currencySymbol": "$",
      "capitalLatitude": null,
      "capitalLongitude": null,
      "isoNumeric": 659
    },
    {
      "countryName": "Heard Island and McDonald Islands",
      "countryCode1": "HM",
      "countryCode2": "HMD",
      "countryFlag": "HM.png",
      "capital": "",
      "currencyCode": "AUD",
      "currencyName": "Dollar",
      "currencySymbol": "$",
      "capitalLatitude": null,
      "capitalLongitude": null,
      "isoNumeric": 334
    },
    {
      "countryName": "Bahamas",
      "countryCode1": "BS",
      "countryCode2": "BHS",
      "countryFlag": "BS.png",
      "capital": "",
      "currencyCode": "BSD",
      "currencyName": "Dollar",
      "currencySymbol": "$",
      "capitalLatitude": null,
      "capitalLongitude": null,
      "isoNumeric": 44
    },
    {
      "countryName": "Vanuatu",
      "countryCode1": "VU",
      "countryCode2": "VUT",
      "countryFlag": "VU.png",
      "capital": "",
      "currencyCode": "VUV",
      "currencyName": "Vatu",
      "currencySymbol": "Vt",
      "capitalLatitude": null,
      "capitalLongitude": null,
      "isoNumeric": 548
    },
    {
      "countryName": "Mongolia",
      "countryCode1": "MN",
      "countryCode2": "MNG",
      "countryFlag": "MN.png",
      "capital": "",
      "currencyCode": "MNT",
      "currencyName": "Tugrik",
      "currencySymbol": "?",
      "capitalLatitude": null,
      "capitalLongitude": null,
      "isoNumeric": 496
    },
    {
      "countryName": "Kuwait",
      "countryCode1": "KW",
      "countryCode2": "KWT",
      "countryFlag": "KW.png",
      "capital": "",
      "currencyCode": "KWD",
      "currencyName": "Dinar",
      "currencySymbol": "",
      "capitalLatitude": null,
      "capitalLongitude": null,
      "isoNumeric": 414
    },
    {
      "countryName": "Estonia",
      "countryCode1": "EE",
      "countryCode2": "EST",
      "countryFlag": "EE.png",
      "capital": "",
      "currencyCode": "EEK",
      "currencyName": "Kroon",
      "currencySymbol": "kr",
      "capitalLatitude": null,
      "capitalLongitude": null,
      "isoNumeric": 233
    },
    {
      "countryName": "Honduras",
      "countryCode1": "HN",
      "countryCode2": "HND",
      "countryFlag": "HN.png",
      "capital": "",
      "currencyCode": "HNL",
      "currencyName": "Lempira",
      "currencySymbol": "L",
      "capitalLatitude": null,
      "capitalLongitude": null,
      "isoNumeric": 340
    },
    {
      "countryName": "Armenia",
      "countryCode1": "AM",
      "countryCode2": "ARM",
      "countryFlag": "AM.png",
      "capital": "",
      "currencyCode": "AMD",
      "currencyName": "Dram",
      "currencySymbol": "",
      "capitalLatitude": null,
      "capitalLongitude": null,
      "isoNumeric": 51
    },
    {
      "countryName": "Eritrea",
      "countryCode1": "ER",
      "countryCode2": "ERI",
      "countryFlag": "ER.png",
      "capital": "",
      "currencyCode": "ERN",
      "currencyName": "Nakfa",
      "currencySymbol": "Nfk",
      "capitalLatitude": null,
      "capitalLongitude": null,
      "isoNumeric": 232
    },
    {
      "countryName": "Zambia",
      "countryCode1": "ZM",
      "countryCode2": "ZMB",
      "countryFlag": "ZM.png",
      "capital": "",
      "currencyCode": "ZMK",
      "currencyName": "Kwacha",
      "currencySymbol": "ZK",
      "capitalLatitude": null,
      "capitalLongitude": null,
      "isoNumeric": 894
    },
    {
      "countryName": "Equatorial Guinea",
      "countryCode1": "GQ",
      "countryCode2": "GNQ",
      "countryFlag": "GQ.png",
      "capital": "",
      "currencyCode": "XAF",
      "currencyName": "Franc",
      "currencySymbol": "FCF",
      "capitalLatitude": null,
      "capitalLongitude": null,
      "isoNumeric": 226
    },
    {
      "countryName": "Cameroon",
      "countryCode1": "CM",
      "countryCode2": "CMR",
      "countryFlag": "CM.png",
      "capital": "",
      "currencyCode": "XAF",
      "currencyName": "Franc",
      "currencySymbol": "FCF",
      "capitalLatitude": null,
      "capitalLongitude": null,
      "isoNumeric": 120
    },
    {
      "countryName": "Brazil",
      "countryCode1": "BR",
      "countryCode2": "BRA",
      "countryFlag": "BR.png",
      "capital": "",
      "currencyCode": "BRL",
      "currencyName": "Real",
      "currencySymbol": "R$",
      "capitalLatitude": null,
      "capitalLongitude": null,
      "isoNumeric": 76
    },
    {
      "countryName": "Turkmenistan",
      "countryCode1": "TM",
      "countryCode2": "TKM",
      "countryFlag": "TM.png",
      "capital": "",
      "currencyCode": "TMM",
      "currencyName": "Manat",
      "currencySymbol": "m",
      "capitalLatitude": null,
      "capitalLongitude": null,
      "isoNumeric": 795
    },
    {
      "countryName": "British Virgin Islands",
      "countryCode1": "VG",
      "countryCode2": "VGB",
      "countryFlag": "VG.png",
      "capital": "",
      "currencyCode": "USD",
      "currencyName": "Dollar",
      "currencySymbol": "$",
      "capitalLatitude": null,
      "capitalLongitude": null,
      "isoNumeric": 92
    },
    {
      "countryName": "Cape Verde",
      "countryCode1": "CV",
      "countryCode2": "CPV",
      "countryFlag": "CV.png",
      "capital": "",
      "currencyCode": "CVE",
      "currencyName": "Escudo",
      "currencySymbol": "",
      "capitalLatitude": null,
      "capitalLongitude": null,
      "isoNumeric": 132
    },
    {
      "countryName": "Romania",
      "countryCode1": "RO",
      "countryCode2": "ROU",
      "countryFlag": "RO.png",
      "capital": "",
      "currencyCode": "RON",
      "currencyName": "Leu",
      "currencySymbol": "lei",
      "capitalLatitude": null,
      "capitalLongitude": null,
      "isoNumeric": 642
    },
    {
      "countryName": "Norfolk Island",
      "countryCode1": "NF",
      "countryCode2": "NFK",
      "countryFlag": "NF.png",
      "capital": "",
      "currencyCode": "AUD",
      "currencyName": "Dollar",
      "currencySymbol": "$",
      "capitalLatitude": null,
      "capitalLongitude": null,
      "isoNumeric": 574
    },
    {
      "countryName": "Czech Republic",
      "countryCode1": "CZ",
      "countryCode2": "CZE",
      "countryFlag": "CZ.png",
      "capital": "",
      "currencyCode": "CZK",
      "currencyName": "Koruna",
      "currencySymbol": "K?",
      "capitalLatitude": null,
      "capitalLongitude": null,
      "isoNumeric": 203
    },
    {
      "countryName": "Democratic Republic of the Congo",
      "countryCode1": "CD",
      "countryCode2": "COD",
      "countryFlag": "CD.png",
      "capital": "",
      "currencyCode": "CDF",
      "currencyName": "Franc",
      "currencySymbol": "",
      "capitalLatitude": null,
      "capitalLongitude": null,
      "isoNumeric": 180
    },
    {
      "countryName": "Guam",
      "countryCode1": "GU",
      "countryCode2": "GUM",
      "countryFlag": "GU.png",
      "capital": "",
      "currencyCode": "USD",
      "currencyName": "Dollar",
      "currencySymbol": "$",
      "capitalLatitude": null,
      "capitalLongitude": null,
      "isoNumeric": 316
    },
    {
      "countryName": "Comoros",
      "countryCode1": "KM",
      "countryCode2": "COM",
      "countryFlag": "KM.png",
      "capital": "",
      "currencyCode": "KMF",
      "currencyName": "Franc",
      "currencySymbol": "",
      "capitalLatitude": null,
      "capitalLongitude": null,
      "isoNumeric": 174
    },
    {
      "countryName": "Turks and Caicos Islands",
      "countryCode1": "TC",
      "countryCode2": "TCA",
      "countryFlag": "TC.png",
      "capital": "",
      "currencyCode": "USD",
      "currencyName": "Dollar",
      "currencySymbol": "$",
      "capitalLatitude": null,
      "capitalLongitude": null,
      "isoNumeric": 796
    },
    {
      "countryName": "Guatemala",
      "countryCode1": "GT",
      "countryCode2": "GTM",
      "countryFlag": "GT.png",
      "capital": "",
      "currencyCode": "GTQ",
      "currencyName": "Quetzal",
      "currencySymbol": "Q",
      "capitalLatitude": null,
      "capitalLongitude": null,
      "isoNumeric": 320
    },
    {
      "countryName": "Saint Vincent and the Grenadines",
      "countryCode1": "VC",
      "countryCode2": "VCT",
      "countryFlag": "VC.png",
      "capital": "",
      "currencyCode": "XCD",
      "currencyName": "Dollar",
      "currencySymbol": "$",
      "capitalLatitude": null,
      "capitalLongitude": null,
      "isoNumeric": 670
    },
    {
      "countryName": "Uganda",
      "countryCode1": "UG",
      "countryCode2": "UGA",
      "countryFlag": "UG.png",
      "capital": "",
      "currencyCode": "UGX",
      "currencyName": "Shilling",
      "currencySymbol": "",
      "capitalLatitude": null,
      "capitalLongitude": null,
      "isoNumeric": 800
    },
    {
      "countryName": "Yemen",
      "countryCode1": "YE",
      "countryCode2": "YEM",
      "countryFlag": "YE.png",
      "capital": "",
      "currencyCode": "YER",
      "currencyName": "Rial",
      "currencySymbol": "?",
      "capitalLatitude": null,
      "capitalLongitude": null,
      "isoNumeric": 887
    },
    {
      "countryName": "Bangladesh",
      "countryCode1": "BD",
      "countryCode2": "BGD",
      "countryFlag": "BD.png",
      "capital": "",
      "currencyCode": "BDT",
      "currencyName": "Taka",
      "currencySymbol": "",
      "capitalLatitude": null,
      "capitalLongitude": null,
      "isoNumeric": 50
    },
    {
      "countryName": "Benin",
      "countryCode1": "BJ",
      "countryCode2": "BEN",
      "countryFlag": "BJ.png",
      "capital": "",
      "currencyCode": "XOF",
      "currencyName": "Franc",
      "currencySymbol": "",
      "capitalLatitude": null,
      "capitalLongitude": null,
      "isoNumeric": 204
    },
    {
      "countryName": "Northern Mariana Islands",
      "countryCode1": "MP",
      "countryCode2": "MNP",
      "countryFlag": "MP.png",
      "capital": "",
      "currencyCode": "USD",
      "currencyName": "Dollar",
      "currencySymbol": "$",
      "capitalLatitude": null,
      "capitalLongitude": null,
      "isoNumeric": 580
    },
    {
      "countryName": "Liberia",
      "countryCode1": "LR",
      "countryCode2": "LBR",
      "countryFlag": "LR.png",
      "capital": "",
      "currencyCode": "LRD",
      "currencyName": "Dollar",
      "currencySymbol": "$",
      "capitalLatitude": null,
      "capitalLongitude": null,
      "isoNumeric": 430
    },
    {
      "countryName": "Ecuador",
      "countryCode1": "EC",
      "countryCode2": "ECU",
      "countryFlag": "EC.png",
      "capital": "",
      "currencyCode": "USD",
      "currencyName": "Dollar",
      "currencySymbol": "$",
      "capitalLatitude": null,
      "capitalLongitude": null,
      "isoNumeric": 218
    },
    {
      "countryName": "Belize",
      "countryCode1": "BZ",
      "countryCode2": "BLZ",
      "countryFlag": "BZ.png",
      "capital": "",
      "currencyCode": "BZD",
      "currencyName": "Dollar",
      "currencySymbol": "BZ$",
      "capitalLatitude": null,
      "capitalLongitude": null,
      "isoNumeric": 84
    },
    {
      "countryName": "Sudan",
      "countryCode1": "SD",
      "countryCode2": "SDN",
      "countryFlag": "SD.png",
      "capital": "",
      "currencyCode": "SDD",
      "currencyName": "Dinar",
      "currencySymbol": "",
      "capitalLatitude": null,
      "capitalLongitude": null,
      "isoNumeric": 736
    },
    {
      "countryName": "Laos",
      "countryCode1": "LA",
      "countryCode2": "LAO",
      "countryFlag": "LA.png",
      "capital": "",
      "currencyCode": "LAK",
      "currencyName": "Kip",
      "currencySymbol": "?",
      "capitalLatitude": null,
      "capitalLongitude": null,
      "isoNumeric": 418
    },
    {
      "countryName": "Cambodia",
      "countryCode1": "KH",
      "countryCode2": "KHM",
      "countryFlag": "KH.png",
      "capital": "",
      "currencyCode": "KHR",
      "currencyName": "Riels",
      "currencySymbol": "?",
      "capitalLatitude": null,
      "capitalLongitude": null,
      "isoNumeric": 116
    },
    {
      "countryName": "Namibia",
      "countryCode1": "NA",
      "countryCode2": "NAM",
      "countryFlag": "NA.png",
      "capital": "",
      "currencyCode": "NAD",
      "currencyName": "Dollar",
      "currencySymbol": "$",
      "capitalLatitude": null,
      "capitalLongitude": null,
      "isoNumeric": 516
    },
    {
      "countryName": "Togo",
      "countryCode1": "TG",
      "countryCode2": "TGO",
      "countryFlag": "TG.png",
      "capital": "",
      "currencyCode": "XOF",
      "currencyName": "Franc",
      "currencySymbol": "",
      "capitalLatitude": null,
      "capitalLongitude": null,
      "isoNumeric": 768
    },
    {
      "countryName": "Mali",
      "countryCode1": "ML",
      "countryCode2": "MLI",
      "countryFlag": "ML.png",
      "capital": "",
      "currencyCode": "XOF",
      "currencyName": "Franc",
      "currencySymbol": "",
      "capitalLatitude": null,
      "capitalLongitude": null,
      "isoNumeric": 466
    },
    {
      "countryName": "Guadeloupe",
      "countryCode1": "GP",
      "countryCode2": "GLP",
      "countryFlag": "GP.png",
      "capital": "",
      "currencyCode": "EUR",
      "currencyName": "Euro",
      "currencySymbol": "€",
      "capitalLatitude": null,
      "capitalLongitude": null,
      "isoNumeric": 312
    },
    {
      "countryName": "Seychelles",
      "countryCode1": "SC",
      "countryCode2": "SYC",
      "countryFlag": "SC.png",
      "capital": "",
      "currencyCode": "SCR",
      "currencyName": "Rupee",
      "currencySymbol": "?",
      "capitalLatitude": null,
      "capitalLongitude": null,
      "isoNumeric": 690
    },
    {
      "countryName": "Argentina",
      "countryCode1": "AR",
      "countryCode2": "ARG",
      "countryFlag": "AR.png",
      "capital": "",
      "currencyCode": "ARS",
      "currencyName": "Peso",
      "currencySymbol": "$",
      "capitalLatitude": null,
      "capitalLongitude": null,
      "isoNumeric": 32
    },
    {
      "countryName": "Singapore",
      "countryCode1": "SG",
      "countryCode2": "SGP",
      "countryFlag": "SG.png",
      "capital": "",
      "currencyCode": "SGD",
      "currencyName": "Dollar",
      "currencySymbol": "$",
      "capitalLatitude": null,
      "capitalLongitude": null,
      "isoNumeric": 702
    },
    {
      "countryName": "Djibouti",
      "countryCode1": "DJ",
      "countryCode2": "DJI",
      "countryFlag": "DJ.png",
      "capital": "",
      "currencyCode": "DJF",
      "currencyName": "Franc",
      "currencySymbol": "",
      "capitalLatitude": null,
      "capitalLongitude": null,
      "isoNumeric": 262
    },
    {
      "countryName": "Fiji",
      "countryCode1": "FJ",
      "countryCode2": "FJI",
      "countryFlag": "FJ.png",
      "capital": "",
      "currencyCode": "FJD",
      "currencyName": "Dollar",
      "currencySymbol": "$",
      "capitalLatitude": null,
      "capitalLongitude": null,
      "isoNumeric": 242
    },
    {
      "countryName": "Marshall Islands",
      "countryCode1": "MH",
      "countryCode2": "MHL",
      "countryFlag": "MH.png",
      "capital": "",
      "currencyCode": "USD",
      "currencyName": "Dollar",
      "currencySymbol": "$",
      "capitalLatitude": null,
      "capitalLongitude": null,
      "isoNumeric": 584
    },
    {
      "countryName": "Burundi",
      "countryCode1": "BI",
      "countryCode2": "BDI",
      "countryFlag": "BI.png",
      "capital": "",
      "currencyCode": "BIF",
      "currencyName": "Franc",
      "currencySymbol": "",
      "capitalLatitude": null,
      "capitalLongitude": null,
      "isoNumeric": 108
    },
    {
      "countryName": "Kenya",
      "countryCode1": "KE",
      "countryCode2": "KEN",
      "countryFlag": "KE.png",
      "capital": "",
      "currencyCode": "KES",
      "currencyName": "Shilling",
      "currencySymbol": "",
      "capitalLatitude": null,
      "capitalLongitude": null,
      "isoNumeric": 404
    },
    {
      "countryName": "Solomon Islands",
      "countryCode1": "SB",
      "countryCode2": "SLB",
      "countryFlag": "SB.png",
      "capital": "",
      "currencyCode": "SBD",
      "currencyName": "Dollar",
      "currencySymbol": "$",
      "capitalLatitude": null,
      "capitalLongitude": null,
      "isoNumeric": 90
    },
    {
      "countryName": "North Korea",
      "countryCode1": "KP",
      "countryCode2": "PRK",
      "countryFlag": "KP.png",
      "capital": "",
      "currencyCode": "KPW",
      "currencyName": "Won",
      "currencySymbol": "?",
      "capitalLatitude": null,
      "capitalLongitude": null,
      "isoNumeric": 408
    },
    {
      "countryName": "Latvia",
      "countryCode1": "LV",
      "countryCode2": "LVA",
      "countryFlag": "LV.png",
      "capital": "",
      "currencyCode": null,
      "currencyName": null,
      "currencySymbol": null,
      "capitalLatitude": null,
      "capitalLongitude": null,
      "isoNumeric": 0
    },
    {
      "countryName": "Tajikistan",
      "countryCode1": "TJ",
      "countryCode2": "TJK",
      "countryFlag": "TJ.png",
      "capital": "",
      "currencyCode": null,
      "currencyName": null,
      "currencySymbol": null,
      "capitalLatitude": null,
      "capitalLongitude": null,
      "isoNumeric": 0
    },
    {
      "countryName": "Monaco",
      "countryCode1": "MC",
      "countryCode2": "MCO",
      "countryFlag": "MC.png",
      "capital": "",
      "currencyCode": "EUR",
      "currencyName": "Euro",
      "currencySymbol": "€",
      "capitalLatitude": null,
      "capitalLongitude": null,
      "isoNumeric": 492
    },
    {
      "countryName": "Azerbaijan",
      "countryCode1": "AZ",
      "countryCode2": "AZE",
      "countryFlag": "AZ.png",
      "capital": "",
      "currencyCode": "AZN",
      "currencyName": "Manat",
      "currencySymbol": "???",
      "capitalLatitude": null,
      "capitalLongitude": null,
      "isoNumeric": 31
    },
    {
      "countryName": "Central African Republic",
      "countryCode1": "CF",
      "countryCode2": "CAF",
      "countryFlag": "CF.png",
      "capital": "",
      "currencyCode": "XAF",
      "currencyName": "Franc",
      "currencySymbol": "FCF",
      "capitalLatitude": null,
      "capitalLongitude": null,
      "isoNumeric": 140
    },
    {
      "countryName": "United States",
      "countryCode1": "US",
      "countryCode2": "USA",
      "countryFlag": "US.png",
      "capital": "",
      "currencyCode": "USD",
      "currencyName": "Dollar",
      "currencySymbol": "$",
      "capitalLatitude": null,
      "capitalLongitude": null,
      "isoNumeric": 840
    },
    {
      "countryName": "Uzbekistan",
      "countryCode1": "UZ",
      "countryCode2": "UZB",
      "countryFlag": "UZ.png",
      "capital": "",
      "currencyCode": "UZS",
      "currencyName": "Som",
      "currencySymbol": "??",
      "capitalLatitude": null,
      "capitalLongitude": null,
      "isoNumeric": 860
    },
    {
      "countryName": "Dominica",
      "countryCode1": "DM",
      "countryCode2": "DMA",
      "countryFlag": "DM.png",
      "capital": "",
      "currencyCode": "XCD",
      "currencyName": "Dollar",
      "currencySymbol": "$",
      "capitalLatitude": null,
      "capitalLongitude": null,
      "isoNumeric": 212
    },
    {
      "countryName": "Swaziland",
      "countryCode1": "SZ",
      "countryCode2": "SWZ",
      "countryFlag": "SZ.png",
      "capital": "",
      "currencyCode": "SZL",
      "currencyName": "Lilangeni",
      "currencySymbol": "",
      "capitalLatitude": null,
      "capitalLongitude": null,
      "isoNumeric": 748
    },
    {
      "countryName": "French Polynesia",
      "countryCode1": "PF",
      "countryCode2": "PYF",
      "countryFlag": "PF.png",
      "capital": "",
      "currencyCode": "XPF",
      "currencyName": "Franc",
      "currencySymbol": "",
      "capitalLatitude": null,
      "capitalLongitude": null,
      "isoNumeric": 258
    },
    {
      "countryName": "Peru",
      "countryCode1": "PE",
      "countryCode2": "PER",
      "countryFlag": "PE.png",
      "capital": "",
      "currencyCode": "PEN",
      "currencyName": "Sol",
      "currencySymbol": "S/.",
      "capitalLatitude": null,
      "capitalLongitude": null,
      "isoNumeric": 604
    },
    {
      "countryName": "Antarctica",
      "countryCode1": "AQ",
      "countryCode2": "ATA",
      "countryFlag": "AQ.png",
      "capital": "",
      "currencyCode": "",
      "currencyName": "",
      "currencySymbol": "",
      "capitalLatitude": null,
      "capitalLongitude": null,
      "isoNumeric": 10
    },
    {
      "countryName": "Myanmar",
      "countryCode1": "MM",
      "countryCode2": "MMR",
      "countryFlag": "MM.png",
      "capital": "",
      "currencyCode": null,
      "currencyName": null,
      "currencySymbol": null,
      "capitalLatitude": null,
      "capitalLongitude": null,
      "isoNumeric": 0
    },
    {
      "countryName": "Somalia",
      "countryCode1": "SO",
      "countryCode2": "SOM",
      "countryFlag": "SO.png",
      "capital": "",
      "currencyCode": "SOS",
      "currencyName": "Shilling",
      "currencySymbol": "S",
      "capitalLatitude": null,
      "capitalLongitude": null,
      "isoNumeric": 706
    },
    {
      "countryName": "Albania",
      "countryCode1": "AL",
      "countryCode2": "ALB",
      "countryFlag": "AL.png",
      "capital": "",
      "currencyCode": "ALL",
      "currencyName": "Lek",
      "currencySymbol": "Lek",
      "capitalLatitude": null,
      "capitalLongitude": null,
      "isoNumeric": 8
    },
    {
      "countryName": "Gambia",
      "countryCode1": "GM",
      "countryCode2": "GMB",
      "countryFlag": "GM.png",
      "capital": "",
      "currencyCode": "GMD",
      "currencyName": "Dalasi",
      "currencySymbol": "D",
      "capitalLatitude": null,
      "capitalLongitude": null,
      "isoNumeric": 270
    },
    {
      "countryName": "Panama",
      "countryCode1": "PA",
      "countryCode2": "PAN",
      "countryFlag": "PA.png",
      "capital": "",
      "currencyCode": "PAB",
      "currencyName": "Balboa",
      "currencySymbol": "B/.",
      "capitalLatitude": null,
      "capitalLongitude": null,
      "isoNumeric": 591
    },
    {
      "countryName": "Mauritius",
      "countryCode1": "MU",
      "countryCode2": "MUS",
      "countryFlag": "MU.png",
      "capital": "",
      "currencyCode": "MUR",
      "currencyName": "Rupee",
      "currencySymbol": "?",
      "capitalLatitude": null,
      "capitalLongitude": null,
      "isoNumeric": 480
    },
    {
      "countryName": "Reunion",
      "countryCode1": "RE",
      "countryCode2": "REU",
      "countryFlag": "RE.png",
      "capital": "",
      "currencyCode": null,
      "currencyName": null,
      "currencySymbol": null,
      "capitalLatitude": null,
      "capitalLongitude": null,
      "isoNumeric": 0
    },
    {
      "countryName": "Svalbard and Jan Mayen",
      "countryCode1": "SJ",
      "countryCode2": "SJM",
      "countryFlag": "SJ.png",
      "capital": "",
      "currencyCode": "NOK",
      "currencyName": "Krone",
      "currencySymbol": "kr",
      "capitalLatitude": null,
      "capitalLongitude": null,
      "isoNumeric": 744
    },
    {
      "countryName": "Montserrat",
      "countryCode1": "MS",
      "countryCode2": "MSR",
      "countryFlag": "MS.png",
      "capital": "",
      "currencyCode": "XCD",
      "currencyName": "Dollar",
      "currencySymbol": "$",
      "capitalLatitude": null,
      "capitalLongitude": null,
      "isoNumeric": 500
    },
    {
      "countryName": "Qatar",
      "countryCode1": "QA",
      "countryCode2": "QAT",
      "countryFlag": "QA.png",
      "capital": "",
      "currencyCode": "QAR",
      "currencyName": "Rial",
      "currencySymbol": "?",
      "capitalLatitude": null,
      "capitalLongitude": null,
      "isoNumeric": 634
    },
    {
      "countryName": "Kiribati",
      "countryCode1": "KI",
      "countryCode2": "KIR",
      "countryFlag": "KI.png",
      "capital": "",
      "currencyCode": "AUD",
      "currencyName": "Dollar",
      "currencySymbol": "$",
      "capitalLatitude": null,
      "capitalLongitude": null,
      "isoNumeric": 296
    },
    {
      "countryName": "Germany",
      "countryCode1": "DE",
      "countryCode2": "DEU",
      "countryFlag": "DE.png",
      "capital": "",
      "currencyCode": "EUR",
      "currencyName": "Euro",
      "currencySymbol": "€",
      "capitalLatitude": null,
      "capitalLongitude": null,
      "isoNumeric": 276
    },
    {
      "countryName": "Lesotho",
      "countryCode1": "LS",
      "countryCode2": "LSO",
      "countryFlag": "LS.png",
      "capital": "",
      "currencyCode": "LSL",
      "currencyName": "Loti",
      "currencySymbol": "L",
      "capitalLatitude": null,
      "capitalLongitude": null,
      "isoNumeric": 426
    },
    {
      "countryName": "Greece",
      "countryCode1": "GR",
      "countryCode2": "GRC",
      "countryFlag": "GR.png",
      "capital": "",
      "currencyCode": "EUR",
      "currencyName": "Euro",
      "currencySymbol": "€",
      "capitalLatitude": null,
      "capitalLongitude": null,
      "isoNumeric": 300
    },
    {
      "countryName": "Ireland",
      "countryCode1": "IE",
      "countryCode2": "IRL",
      "countryFlag": "IE.png",
      "capital": "",
      "currencyCode": "EUR",
      "currencyName": "Euro",
      "currencySymbol": "€",
      "capitalLatitude": null,
      "capitalLongitude": null,
      "isoNumeric": 372
    },
    {
      "countryName": "Zimbabwe",
      "countryCode1": "ZW",
      "countryCode2": "ZWE",
      "countryFlag": "ZW.png",
      "capital": "",
      "currencyCode": "ZWD",
      "currencyName": "Dollar",
      "currencySymbol": "Z$",
      "capitalLatitude": null,
      "capitalLongitude": null,
      "isoNumeric": 716
    },
    {
      "countryName": "Lithuania",
      "countryCode1": "LT",
      "countryCode2": "LTU",
      "countryFlag": "LT.png",
      "capital": "",
      "currencyCode": "LTL",
      "currencyName": "Litas",
      "currencySymbol": "Lt",
      "capitalLatitude": null,
      "capitalLongitude": null,
      "isoNumeric": 440
    },
    {
      "countryName": "Austria",
      "countryCode1": "AT",
      "countryCode2": "AUT",
      "countryFlag": "AT.png",
      "capital": "",
      "currencyCode": "EUR",
      "currencyName": "Euro",
      "currencySymbol": "€",
      "capitalLatitude": null,
      "capitalLongitude": null,
      "isoNumeric": 40
    },
    {
      "countryName": "Wallis and Futuna",
      "countryCode1": "WF",
      "countryCode2": "WLF",
      "countryFlag": "WF.png",
      "capital": "",
      "currencyCode": "XPF",
      "currencyName": "Franc",
      "currencySymbol": "",
      "capitalLatitude": null,
      "capitalLongitude": null,
      "isoNumeric": 876
    },
    {
      "countryName": "Italy",
      "countryCode1": "IT",
      "countryCode2": "ITA",
      "countryFlag": "IT.png",
      "capital": "",
      "currencyCode": "EUR",
      "currencyName": "Euro",
      "currencySymbol": "€",
      "capitalLatitude": null,
      "capitalLongitude": null,
      "isoNumeric": 380
    },
    {
      "countryName": "Bulgaria",
      "countryCode1": "BG",
      "countryCode2": "BGR",
      "countryFlag": "BG.png",
      "capital": "",
      "currencyCode": "BGN",
      "currencyName": "Lev",
      "currencySymbol": "??",
      "capitalLatitude": null,
      "capitalLongitude": null,
      "isoNumeric": 100
    },
    {
      "countryName": "Greenland",
      "countryCode1": "GL",
      "countryCode2": "GRL",
      "countryFlag": "GL.png",
      "capital": "",
      "currencyCode": "DKK",
      "currencyName": "Krone",
      "currencySymbol": "kr",
      "capitalLatitude": null,
      "capitalLongitude": null,
      "isoNumeric": 304
    },
    {
      "countryName": "Switzerland",
      "countryCode1": "CH",
      "countryCode2": "CHE",
      "countryFlag": "CH.png",
      "capital": "",
      "currencyCode": "CHF",
      "currencyName": "Franc",
      "currencySymbol": "CHF",
      "capitalLatitude": null,
      "capitalLongitude": null,
      "isoNumeric": 756
    },
    {
      "countryName": "South Africa",
      "countryCode1": "ZA",
      "countryCode2": "ZAF",
      "countryFlag": "ZA.png",
      "capital": "",
      "currencyCode": "ZAR",
      "currencyName": "Rand",
      "currencySymbol": "R",
      "capitalLatitude": null,
      "capitalLongitude": null,
      "isoNumeric": 710
    },
    {
      "countryName": "Spain",
      "countryCode1": "ES",
      "countryCode2": "ESP",
      "countryFlag": "ES.png",
      "capital": "",
      "currencyCode": "EUR",
      "currencyName": "Euro",
      "currencySymbol": "€",
      "capitalLatitude": null,
      "capitalLongitude": null,
      "isoNumeric": 724
    },
    {
      "countryName": "Mozambique",
      "countryCode1": "MZ",
      "countryCode2": "MOZ",
      "countryFlag": "MZ.png",
      "capital": "",
      "currencyCode": "MZN",
      "currencyName": "Meticail",
      "currencySymbol": "MT",
      "capitalLatitude": null,
      "capitalLongitude": null,
      "isoNumeric": 508
    },
    {
      "countryName": "Ivory Coast",
      "countryCode1": "CI",
      "countryCode2": "CIV",
      "countryFlag": "CI.png",
      "capital": "",
      "currencyCode": "XOF",
      "currencyName": "Franc",
      "currencySymbol": "",
      "capitalLatitude": null,
      "capitalLongitude": null,
      "isoNumeric": 384
    },
    {
      "countryName": "Saudi Arabia",
      "countryCode1": "SA",
      "countryCode2": "SAU",
      "countryFlag": "SA.png",
      "capital": "",
      "currencyCode": "SAR",
      "currencyName": "Rial",
      "currencySymbol": "?",
      "capitalLatitude": null,
      "capitalLongitude": null,
      "isoNumeric": 682
    },
    {
      "countryName": "Netherlands",
      "countryCode1": "NL",
      "countryCode2": "NLD",
      "countryFlag": "NL.png",
      "capital": "",
      "currencyCode": "EUR",
      "currencyName": "Euro",
      "currencySymbol": "€",
      "capitalLatitude": null,
      "capitalLongitude": null,
      "isoNumeric": 528
    },
    {
      "countryName": "Serbia and Montenegro",
      "countryCode1": "CS",
      "countryCode2": "SCG",
      "countryFlag": "CS.png",
      "capital": "",
      "currencyCode": "RSD",
      "currencyName": "Dinar",
      "currencySymbol": "???",
      "capitalLatitude": null,
      "capitalLongitude": null,
      "isoNumeric": 891
    },
    {
      "countryName": "Malta",
      "countryCode1": "MT",
      "countryCode2": "MLT",
      "countryFlag": "MT.png",
      "capital": "",
      "currencyCode": "MTL",
      "currencyName": "Lira",
      "currencySymbol": "",
      "capitalLatitude": null,
      "capitalLongitude": null,
      "isoNumeric": 470
    },
    {
      "countryName": "Sao Tome and Principe",
      "countryCode1": "ST",
      "countryCode2": "STP",
      "countryFlag": "ST.png",
      "capital": "",
      "currencyCode": "STD",
      "currencyName": "Dobra",
      "currencySymbol": "Db",
      "capitalLatitude": null,
      "capitalLongitude": null,
      "isoNumeric": 678
    },
    {
      "countryName": "Reunion",
      "countryCode1": "RE",
      "countryCode2": "REU",
      "countryFlag": "RE.png",
      "capital": "",
      "currencyCode": null,
      "currencyName": null,
      "currencySymbol": null,
      "capitalLatitude": null,
      "capitalLongitude": null,
      "isoNumeric": 0
    },
    {
      "countryName": "Iceland",
      "countryCode1": "IS",
      "countryCode2": "ISL",
      "countryFlag": "IS.png",
      "capital": "",
      "currencyCode": "ISK",
      "currencyName": "Krona",
      "currencySymbol": "kr",
      "capitalLatitude": null,
      "capitalLongitude": null,
      "isoNumeric": 352
    },
    {
      "countryName": "Netherlands Antilles",
      "countryCode1": "AN",
      "countryCode2": "ANT",
      "countryFlag": "AN.png",
      "capital": "",
      "currencyCode": "ANG",
      "currencyName": "Guilder",
      "currencySymbol": "ƒ",
      "capitalLatitude": null,
      "capitalLongitude": null,
      "isoNumeric": 530
    },
    {
      "countryName": "Andorra",
      "countryCode1": "AD",
      "countryCode2": "AND",
      "countryFlag": "AD.png",
      "capital": "",
      "currencyCode": "EUR",
      "currencyName": "Euro",
      "currencySymbol": "€",
      "capitalLatitude": null,
      "capitalLongitude": null,
      "isoNumeric": 20
    },
    {
      "countryName": "United Arab Emirates",
      "countryCode1": "AE",
      "countryCode2": "ARE",
      "countryFlag": "AE.png",
      "capital": "",
      "currencyCode": "AED",
      "currencyName": "Dirham",
      "currencySymbol": "",
      "capitalLatitude": null,
      "capitalLongitude": null,
      "isoNumeric": 784
    },
    {
      "countryName": "Pitcairn",
      "countryCode1": "PN",
      "countryCode2": "PCN",
      "countryFlag": "PN.png",
      "capital": "",
      "currencyCode": "NZD",
      "currencyName": "Dollar",
      "currencySymbol": "$",
      "capitalLatitude": null,
      "capitalLongitude": null,
      "isoNumeric": 612
    },
    {
      "countryName": "Haiti",
      "countryCode1": "HT",
      "countryCode2": "HTI",
      "countryFlag": "HT.png",
      "capital": "",
      "currencyCode": "HTG",
      "currencyName": "Gourde",
      "currencySymbol": "G",
      "capitalLatitude": null,
      "capitalLongitude": null,
      "isoNumeric": 332
    },
    {
      "countryName": "Macao",
      "countryCode1": "MO",
      "countryCode2": "MAC",
      "countryFlag": "MO.png",
      "capital": "",
      "currencyCode": "MOP",
      "currencyName": "Pataca",
      "currencySymbol": "MOP",
      "capitalLatitude": null,
      "capitalLongitude": null,
      "isoNumeric": 446
    },
    {
      "countryName": "Ethiopia",
      "countryCode1": "ET",
      "countryCode2": "ETH",
      "countryFlag": "ET.png",
      "capital": "",
      "currencyCode": "ETB",
      "currencyName": "Birr",
      "currencySymbol": "",
      "capitalLatitude": null,
      "capitalLongitude": null,
      "isoNumeric": 231
    },
    {
      "countryName": "Kazakhstan",
      "countryCode1": "KZ",
      "countryCode2": "KAZ",
      "countryFlag": "KZ.png",
      "capital": "",
      "currencyCode": "KZT",
      "currencyName": "Tenge",
      "currencySymbol": "??",
      "capitalLatitude": null,
      "capitalLongitude": null,
      "isoNumeric": 398
    },
    {
      "countryName": "Tuvalu",
      "countryCode1": "TV",
      "countryCode2": "TUV",
      "countryFlag": "TV.png",
      "capital": "",
      "currencyCode": "AUD",
      "currencyName": "Dollar",
      "currencySymbol": "$",
      "capitalLatitude": null,
      "capitalLongitude": null,
      "isoNumeric": 798
    },
    {
      "countryName": "Cayman Islands",
      "countryCode1": "KY",
      "countryCode2": "CYM",
      "countryFlag": "KY.png",
      "capital": "",
      "currencyCode": "KYD",
      "currencyName": "Dollar",
      "currencySymbol": "$",
      "capitalLatitude": null,
      "capitalLongitude": null,
      "isoNumeric": 136
    },
    {
      "countryName": "Portugal",
      "countryCode1": "PT",
      "countryCode2": "PRT",
      "countryFlag": "PT.png",
      "capital": "",
      "currencyCode": "EUR",
      "currencyName": "Euro",
      "currencySymbol": "€",
      "capitalLatitude": null,
      "capitalLongitude": null,
      "isoNumeric": 620
    },
    {
      "countryName": "Poland",
      "countryCode1": "PL",
      "countryCode2": "POL",
      "countryFlag": "PL.png",
      "capital": "",
      "currencyCode": "PLN",
      "currencyName": "Zloty",
      "currencySymbol": "z?",
      "capitalLatitude": null,
      "capitalLongitude": null,
      "isoNumeric": 616
    },
    {
      "countryName": "Finland",
      "countryCode1": "FI",
      "countryCode2": "FIN",
      "countryFlag": "FI.png",
      "capital": "",
      "currencyCode": "EUR",
      "currencyName": "Euro",
      "currencySymbol": "€",
      "capitalLatitude": null,
      "capitalLongitude": null,
      "isoNumeric": 246
    },
    {
      "countryName": "Senegal",
      "countryCode1": "SN",
      "countryCode2": "SEN",
      "countryFlag": "SN.png",
      "capital": "",
      "currencyCode": "XOF",
      "currencyName": "Franc",
      "currencySymbol": "",
      "capitalLatitude": null,
      "capitalLongitude": null,
      "isoNumeric": 686
    },
    {
      "countryName": "Belgium",
      "countryCode1": "BE",
      "countryCode2": "BEL",
      "countryFlag": "BE.png",
      "capital": "",
      "currencyCode": "EUR",
      "currencyName": "Euro",
      "currencySymbol": "€",
      "capitalLatitude": null,
      "capitalLongitude": null,
      "isoNumeric": 56
    },
    {
      "countryName": "India",
      "countryCode1": "IN",
      "countryCode2": "IND",
      "countryFlag": "IN.png",
      "capital": "",
      "currencyCode": "INR",
      "currencyName": "Rupee",
      "currencySymbol": "?",
      "capitalLatitude": null,
      "capitalLongitude": null,
      "isoNumeric": 356
    },
    {
      "countryName": "Nicaragua",
      "countryCode1": "NI",
      "countryCode2": "NIC",
      "countryFlag": "NI.png",
      "capital": "",
      "currencyCode": "NIO",
      "currencyName": "Cordoba",
      "currencySymbol": "C$",
      "capitalLatitude": null,
      "capitalLongitude": null,
      "isoNumeric": 558
    },
    {
      "countryName": "Hungary",
      "countryCode1": "HU",
      "countryCode2": "HUN",
      "countryFlag": "HU.png",
      "capital": "",
      "currencyCode": "HUF",
      "currencyName": "Forint",
      "currencySymbol": "Ft",
      "capitalLatitude": null,
      "capitalLongitude": null,
      "isoNumeric": 348
    },
    {
      "countryName": "Mayotte",
      "countryCode1": "YT",
      "countryCode2": "MYT",
      "countryFlag": "YT.png",
      "capital": "",
      "currencyCode": "EUR",
      "currencyName": "Euro",
      "currencySymbol": "€",
      "capitalLatitude": null,
      "capitalLongitude": null,
      "isoNumeric": 175
    },
    {
      "countryName": "Cuba",
      "countryCode1": "CU",
      "countryCode2": "CUB",
      "countryFlag": "CU.png",
      "capital": "",
      "currencyCode": "CUP",
      "currencyName": "Peso",
      "currencySymbol": "?",
      "capitalLatitude": null,
      "capitalLongitude": null,
      "isoNumeric": 192
    },
    {
      "countryName": "Chad",
      "countryCode1": "TD",
      "countryCode2": "TCD",
      "countryFlag": "TD.png",
      "capital": "",
      "currencyCode": "XAF",
      "currencyName": "Franc",
      "currencySymbol": "",
      "capitalLatitude": null,
      "capitalLongitude": null,
      "isoNumeric": 148
    },
    {
      "countryName": "Sweden",
      "countryCode1": "SE",
      "countryCode2": "SWE",
      "countryFlag": "SE.png",
      "capital": "",
      "currencyCode": "SEK",
      "currencyName": "Krona",
      "currencySymbol": "kr",
      "capitalLatitude": null,
      "capitalLongitude": null,
      "isoNumeric": 752
    },
    {
      "countryName": "Costa Rica",
      "countryCode1": "CR",
      "countryCode2": "CRI",
      "countryFlag": "CR.png",
      "capital": "",
      "currencyCode": "CRC",
      "currencyName": "Colon",
      "currencySymbol": "?",
      "capitalLatitude": null,
      "capitalLongitude": null,
      "isoNumeric": 188
    },
    {
      "countryName": "New Zealand",
      "countryCode1": "NZ",
      "countryCode2": "NZL",
      "countryFlag": "NZ.png",
      "capital": "",
      "currencyCode": "NZD",
      "currencyName": "Dollar",
      "currencySymbol": "$",
      "capitalLatitude": null,
      "capitalLongitude": null,
      "isoNumeric": 554
    },
    {
      "countryName": "Tunisia",
      "countryCode1": "TN",
      "countryCode2": "TUN",
      "countryFlag": "TN.png",
      "capital": "",
      "currencyCode": "TND",
      "currencyName": "Dinar",
      "currencySymbol": "",
      "capitalLatitude": null,
      "capitalLongitude": null,
      "isoNumeric": 788
    },
    {
      "countryName": "Barbados",
      "countryCode1": "BB",
      "countryCode2": "BRB",
      "countryFlag": "BB.png",
      "capital": "",
      "currencyCode": "BBD",
      "currencyName": "Dollar",
      "currencySymbol": "$",
      "capitalLatitude": null,
      "capitalLongitude": null,
      "isoNumeric": 52
    },
    {
      "countryName": "Madagascar",
      "countryCode1": "MG",
      "countryCode2": "MDG",
      "countryFlag": "MG.png",
      "capital": "",
      "currencyCode": "MGA",
      "currencyName": "Ariary",
      "currencySymbol": "",
      "capitalLatitude": null,
      "capitalLongitude": null,
      "isoNumeric": 450
    },
    {
      "countryName": "Samoa",
      "countryCode1": "WS",
      "countryCode2": "WSM",
      "countryFlag": "WS.png",
      "capital": "",
      "currencyCode": "WST",
      "currencyName": "Tala",
      "currencySymbol": "WS$",
      "capitalLatitude": null,
      "capitalLongitude": null,
      "isoNumeric": 882
    },
    {
      "countryName": "Guinea-Bissau",
      "countryCode1": "GW",
      "countryCode2": "GNB",
      "countryFlag": "GW.png",
      "capital": "",
      "currencyCode": "XOF",
      "currencyName": "Franc",
      "currencySymbol": "",
      "capitalLatitude": null,
      "capitalLongitude": null,
      "isoNumeric": 624
    },
    {
      "countryName": "Kyrgyzstan",
      "countryCode1": "KG",
      "countryCode2": "KGZ",
      "countryFlag": "KG.png",
      "capital": "",
      "currencyCode": "KGS",
      "currencyName": "Som",
      "currencySymbol": "??",
      "capitalLatitude": null,
      "capitalLongitude": null,
      "isoNumeric": 417
    },
    {
      "countryName": "Mexico",
      "countryCode1": "MX",
      "countryCode2": "MEX",
      "countryFlag": "MX.png",
      "capital": "",
      "currencyCode": "MXN",
      "currencyName": "Peso",
      "currencySymbol": "$",
      "capitalLatitude": null,
      "capitalLongitude": null,
      "isoNumeric": 484
    },
    {
      "countryName": "Trinidad and Tobago",
      "countryCode1": "TT",
      "countryCode2": "TTO",
      "countryFlag": "TT.png",
      "capital": "",
      "currencyCode": "TTD",
      "currencyName": "Dollar",
      "currencySymbol": "TT$",
      "capitalLatitude": null,
      "capitalLongitude": null,
      "isoNumeric": 780
    },
    {
      "countryName": "Republic of the Congo",
      "countryCode1": "CG",
      "countryCode2": "COG",
      "countryFlag": "CG.png",
      "capital": "",
      "currencyCode": "XAF",
      "currencyName": "Franc",
      "currencySymbol": "FCF",
      "capitalLatitude": null,
      "capitalLongitude": null,
      "isoNumeric": 178
    },
    {
      "countryName": "Iran",
      "countryCode1": "IR",
      "countryCode2": "IRN",
      "countryFlag": "IR.png",
      "capital": "",
      "currencyCode": "IRR",
      "currencyName": "Rial",
      "currencySymbol": "?",
      "capitalLatitude": null,
      "capitalLongitude": null,
      "isoNumeric": 364
    },
    {
      "countryName": "Tajikistan",
      "countryCode1": "TJ",
      "countryCode2": "TJK",
      "countryFlag": "TJ.png",
      "capital": "",
      "currencyCode": null,
      "currencyName": null,
      "currencySymbol": null,
      "capitalLatitude": null,
      "capitalLongitude": null,
      "isoNumeric": 0
    },
    {
      "countryName": "Brunei",
      "countryCode1": "BN",
      "countryCode2": "BRN",
      "countryFlag": "BN.png",
      "capital": "",
      "currencyCode": "BND",
      "currencyName": "Dollar",
      "currencySymbol": "$",
      "capitalLatitude": null,
      "capitalLongitude": null,
      "isoNumeric": 96
    },
    {
      "countryName": "San Marino",
      "countryCode1": "SM",
      "countryCode2": "SMR",
      "countryFlag": "SM.png",
      "capital": "",
      "currencyCode": "EUR",
      "currencyName": "Euro",
      "currencySymbol": "€",
      "capitalLatitude": null,
      "capitalLongitude": null,
      "isoNumeric": 674
    },
    {
      "countryName": "Bosnia and Herzegovina",
      "countryCode1": "BA",
      "countryCode2": "BIH",
      "countryFlag": "BA.png",
      "capital": "",
      "currencyCode": "BAM",
      "currencyName": "Marka",
      "currencySymbol": "KM",
      "capitalLatitude": null,
      "capitalLongitude": null,
      "isoNumeric": 70
    },
    {
      "countryName": "Vatican",
      "countryCode1": "VA",
      "countryCode2": "VAT",
      "countryFlag": "VA.png",
      "capital": "",
      "currencyCode": "EUR",
      "currencyName": "Euro",
      "currencySymbol": "€",
      "capitalLatitude": null,
      "capitalLongitude": null,
      "isoNumeric": 336
    },
    {
      "countryName": "",
      "countryCode1": "",
      "countryCode2": "",
      "countryFlag": "",
      "capital": "",
      "currencyCode": "",
      "currencyName": "",
      "currencySymbol": "",
      "capitalLatitude": null,
      "capitalLongitude": null,
      "isoNumeric": 0
    },
    {
      "countryName": "Indonesia",
      "countryCode1": "ID",
      "countryCode2": "IDN",
      "countryFlag": "ID.png",
      "capital": "",
      "currencyCode": "IDR",
      "currencyName": "Rupiah",
      "currencySymbol": "Rp",
      "capitalLatitude": null,
      "capitalLongitude": null,
      "isoNumeric": 360
    },
    {
      "countryName": "Bouvet Island",
      "countryCode1": "BV",
      "countryCode2": "BVT",
      "countryFlag": "BV.png",
      "capital": "",
      "currencyCode": "NOK",
      "currencyName": "Krone",
      "currencySymbol": "kr",
      "capitalLatitude": null,
      "capitalLongitude": null,
      "isoNumeric": 74
    },
    {
      "countryName": "French Southern Territories",
      "countryCode1": "TF",
      "countryCode2": "ATF",
      "countryFlag": "TF.png",
      "capital": "",
      "currencyCode": "EUR",
      "currencyName": "Euro  ",
      "currencySymbol": "€",
      "capitalLatitude": null,
      "capitalLongitude": null,
      "isoNumeric": 260
    },
    {
      "countryName": "Canada",
      "countryCode1": "CA",
      "countryCode2": "CAN",
      "countryFlag": "CA.png",
      "capital": "",
      "currencyCode": "CAD",
      "currencyName": "Dollar",
      "currencySymbol": "$",
      "capitalLatitude": null,
      "capitalLongitude": null,
      "isoNumeric": 124
    },
    {
      "countryName": "Algeria",
      "countryCode1": "DZ",
      "countryCode2": "DZA",
      "countryFlag": "DZ.png",
      "capital": "",
      "currencyCode": "DZD",
      "currencyName": "Dinar",
      "currencySymbol": "",
      "capitalLatitude": null,
      "capitalLongitude": null,
      "isoNumeric": 12
    },
    {
      "countryName": "Micronesia",
      "countryCode1": "FM",
      "countryCode2": "FSM",
      "countryFlag": "FM.png",
      "capital": "",
      "currencyCode": "USD",
      "currencyName": "Dollar",
      "currencySymbol": "$",
      "capitalLatitude": null,
      "capitalLongitude": null,
      "isoNumeric": 583
    },
    {
      "countryName": "Aruba",
      "countryCode1": "AW",
      "countryCode2": "ABW",
      "countryFlag": "AW.png",
      "capital": "",
      "currencyCode": "AWG",
      "currencyName": "Guilder",
      "currencySymbol": "ƒ",
      "capitalLatitude": null,
      "capitalLongitude": null,
      "isoNumeric": 533
    },
    {
      "countryName": "Georgia",
      "countryCode1": "GE",
      "countryCode2": "GEO",
      "countryFlag": "GE.png",
      "capital": "",
      "currencyCode": "GEL",
      "currencyName": "Lari",
      "currencySymbol": "",
      "capitalLatitude": null,
      "capitalLongitude": null,
      "isoNumeric": 268
    },
    {
      "countryName": "Belarus",
      "countryCode1": "BY",
      "countryCode2": "BLR",
      "countryFlag": "BY.png",
      "capital": "",
      "currencyCode": "BYR",
      "currencyName": "Ruble",
      "currencySymbol": "p.",
      "capitalLatitude": null,
      "capitalLongitude": null,
      "isoNumeric": 112
    },
    {
      "countryName": "Slovakia",
      "countryCode1": "SK",
      "countryCode2": "SVK",
      "countryFlag": "SK.png",
      "capital": "",
      "currencyCode": "SKK",
      "currencyName": "Koruna",
      "currencySymbol": "Sk",
      "capitalLatitude": null,
      "capitalLongitude": null,
      "isoNumeric": 703
    },
    {
      "countryName": "Burkina Faso",
      "countryCode1": "BF",
      "countryCode2": "BFA",
      "countryFlag": "BF.png",
      "capital": "",
      "currencyCode": "XOF",
      "currencyName": "Franc",
      "currencySymbol": "",
      "capitalLatitude": null,
      "capitalLongitude": null,
      "isoNumeric": 854
    },
    {
      "countryName": "Croatia",
      "countryCode1": "HR",
      "countryCode2": "HRV",
      "countryFlag": "HR.png",
      "capital": "",
      "currencyCode": "HRK",
      "currencyName": "Kuna",
      "currencySymbol": "kn",
      "capitalLatitude": null,
      "capitalLongitude": null,
      "isoNumeric": 191
    },
    {
      "countryName": "Antigua and Barbuda",
      "countryCode1": "AG",
      "countryCode2": "ATG",
      "countryFlag": "AG.png",
      "capital": "",
      "currencyCode": "XCD",
      "currencyName": "Dollar",
      "currencySymbol": "$",
      "capitalLatitude": null,
      "capitalLongitude": null,
      "isoNumeric": 28
    },
    {
      "countryName": "Saint Lucia",
      "countryCode1": "LC",
      "countryCode2": "LCA",
      "countryFlag": "LC.png",
      "capital": "",
      "currencyCode": "XCD",
      "currencyName": "Dollar",
      "currencySymbol": "$",
      "capitalLatitude": null,
      "capitalLongitude": null,
      "isoNumeric": 662
    },
    {
      "countryName": "Vietnam",
      "countryCode1": "VN",
      "countryCode2": "VNM",
      "countryFlag": "VN.png",
      "capital": "",
      "currencyCode": "VND",
      "currencyName": "Dong",
      "currencySymbol": "?",
      "capitalLatitude": null,
      "capitalLongitude": null,
      "isoNumeric": 704
    },
    {
      "countryName": "Western Sahara",
      "countryCode1": "EH",
      "countryCode2": "ESH",
      "countryFlag": "EH.png",
      "capital": "",
      "currencyCode": "MAD",
      "currencyName": "Dirham",
      "currencySymbol": "",
      "capitalLatitude": null,
      "capitalLongitude": null,
      "isoNumeric": 732
    },
    {
      "countryName": "Morocco",
      "countryCode1": "MA",
      "countryCode2": "MAR",
      "countryFlag": "MA.png",
      "capital": "",
      "currencyCode": "MAD",
      "currencyName": "Dirham",
      "currencySymbol": "",
      "capitalLatitude": null,
      "capitalLongitude": null,
      "isoNumeric": 504
    },
    {
      "countryName": "Maldives",
      "countryCode1": "MV",
      "countryCode2": "MDV",
      "countryFlag": "MV.png",
      "capital": "",
      "currencyCode": "MVR",
      "currencyName": "Rufiyaa",
      "currencySymbol": "Rf",
      "capitalLatitude": null,
      "capitalLongitude": null,
      "isoNumeric": 462
    },
    {
      "countryName": "Israel",
      "countryCode1": "IL",
      "countryCode2": "ISR",
      "countryFlag": "IL.png",
      "capital": "",
      "currencyCode": "ILS",
      "currencyName": "Shekel",
      "currencySymbol": "?",
      "capitalLatitude": null,
      "capitalLongitude": null,
      "isoNumeric": 376
    },
    {
      "countryName": "Australia",
      "countryCode1": "AU",
      "countryCode2": "AUS",
      "countryFlag": "AU.png",
      "capital": "",
      "currencyCode": "AUD",
      "currencyName": "Dollar",
      "currencySymbol": "$",
      "capitalLatitude": null,
      "capitalLongitude": null,
      "isoNumeric": 36
    },
    {
      "countryName": "Nigeria",
      "countryCode1": "NG",
      "countryCode2": "NGA",
      "countryFlag": "NG.png",
      "capital": "",
      "currencyCode": "NGN",
      "currencyName": "Naira",
      "currencySymbol": "?",
      "capitalLatitude": null,
      "capitalLongitude": null,
      "isoNumeric": 566
    },
    {
      "countryName": "Malawi",
      "countryCode1": "MW",
      "countryCode2": "MWI",
      "countryFlag": "MW.png",
      "capital": "",
      "currencyCode": "MWK",
      "currencyName": "Kwacha",
      "currencySymbol": "MK",
      "capitalLatitude": null,
      "capitalLongitude": null,
      "isoNumeric": 454
    },
    {
      "countryName": "Anguilla",
      "countryCode1": "AI",
      "countryCode2": "AIA",
      "countryFlag": "AI.png",
      "capital": "",
      "currencyCode": "XCD",
      "currencyName": "Dollar",
      "currencySymbol": "$",
      "capitalLatitude": null,
      "capitalLongitude": null,
      "isoNumeric": 660
    },
    {
      "countryName": "Mauritania",
      "countryCode1": "MR",
      "countryCode2": "MRT",
      "countryFlag": "MR.png",
      "capital": "",
      "currencyCode": "MRO",
      "currencyName": "Ouguiya",
      "currencySymbol": "UM",
      "capitalLatitude": null,
      "capitalLongitude": null,
      "isoNumeric": 478
    },
    {
      "countryName": "Cyprus",
      "countryCode1": "CY",
      "countryCode2": "CYP",
      "countryFlag": "CY.png",
      "capital": "",
      "currencyCode": "CYP",
      "currencyName": "Pound",
      "currencySymbol": "",
      "capitalLatitude": null,
      "capitalLongitude": null,
      "isoNumeric": 196
    },
    {
      "countryName": "Afghanistan",
      "countryCode1": "AF",
      "countryCode2": "AFG",
      "countryFlag": "AF.png",
      "capital": "",
      "currencyCode": "AFN",
      "currencyName": "Afghani",
      "currencySymbol": "?",
      "capitalLatitude": null,
      "capitalLongitude": null,
      "isoNumeric": 4
    },
    {
      "countryName": "Niue",
      "countryCode1": "NU",
      "countryCode2": "NIU",
      "countryFlag": "NU.png",
      "capital": "",
      "currencyCode": "NZD",
      "currencyName": "Dollar",
      "currencySymbol": "$",
      "capitalLatitude": null,
      "capitalLongitude": null,
      "isoNumeric": 570
    },
    {
      "countryName": "Moldova",
      "countryCode1": "MD",
      "countryCode2": "MDA",
      "countryFlag": "MD.png",
      "capital": "",
      "currencyCode": "MDL",
      "currencyName": "Leu",
      "currencySymbol": "",
      "capitalLatitude": null,
      "capitalLongitude": null,
      "isoNumeric": 498
    },
    {
      "countryName": "Suriname",
      "countryCode1": "SR",
      "countryCode2": "SUR",
      "countryFlag": "SR.png",
      "capital": "",
      "currencyCode": "SRD",
      "currencyName": "Dollar",
      "currencySymbol": "$",
      "capitalLatitude": null,
      "capitalLongitude": null,
      "isoNumeric": 740
    },
    {
      "countryName": "Paraguay",
      "countryCode1": "PY",
      "countryCode2": "PRY",
      "countryFlag": "PY.png",
      "capital": "",
      "currencyCode": "PYG",
      "currencyName": "Guarani",
      "currencySymbol": "Gs",
      "capitalLatitude": null,
      "capitalLongitude": null,
      "isoNumeric": 600
    },
    {
      "countryName": "Taiwan",
      "countryCode1": "TW",
      "countryCode2": "TWN",
      "countryFlag": "TW.png",
      "capital": "",
      "currencyCode": "TWD",
      "currencyName": "Dollar",
      "currencySymbol": "NT$",
      "capitalLatitude": null,
      "capitalLongitude": null,
      "isoNumeric": 158
    },
    {
      "countryName": "Oman",
      "countryCode1": "OM",
      "countryCode2": "OMN",
      "countryFlag": "OM.png",
      "capital": "",
      "currencyCode": "OMR",
      "currencyName": "Rial",
      "currencySymbol": "?",
      "capitalLatitude": null,
      "capitalLongitude": null,
      "isoNumeric": 512
    },
    {
      "countryName": "Papua New Guinea",
      "countryCode1": "PG",
      "countryCode2": "PNG",
      "countryFlag": "PG.png",
      "capital": "",
      "currencyCode": "PGK",
      "currencyName": "Kina",
      "currencySymbol": "",
      "capitalLatitude": null,
      "capitalLongitude": null,
      "isoNumeric": 598
    },
    {
      "countryName": "United States Minor Outlying Islands",
      "countryCode1": "UM",
      "countryCode2": "UMI",
      "countryFlag": "UM.png",
      "capital": "",
      "currencyCode": "USD",
      "currencyName": "Dollar ",
      "currencySymbol": "$",
      "capitalLatitude": null,
      "capitalLongitude": null,
      "isoNumeric": 581
    },
    {
      "countryName": "Sierra Leone",
      "countryCode1": "SL",
      "countryCode2": "SLE",
      "countryFlag": "SL.png",
      "capital": "",
      "currencyCode": "SLL",
      "currencyName": "Leone",
      "currencySymbol": "Le",
      "capitalLatitude": null,
      "capitalLongitude": null,
      "isoNumeric": 694
    },
    {
      "countryName": "Norway",
      "countryCode1": "NO",
      "countryCode2": "NOR",
      "countryFlag": "NO.png",
      "capital": "",
      "currencyCode": "NOK",
      "currencyName": "Krone",
      "currencySymbol": "kr",
      "capitalLatitude": null,
      "capitalLongitude": null,
      "isoNumeric": 578
    },
    {
      "countryName": "Liechtenstein",
      "countryCode1": "LI",
      "countryCode2": "LIE",
      "countryFlag": "LI.png",
      "capital": "",
      "currencyCode": "CHF",
      "currencyName": "Franc",
      "currencySymbol": "CHF",
      "capitalLatitude": null,
      "capitalLongitude": null,
      "isoNumeric": 438
    },
    {
      "countryName": "Palestinian Territory",
      "countryCode1": "PS",
      "countryCode2": "PSE",
      "countryFlag": "PS.png",
      "capital": "",
      "currencyCode": "ILS",
      "currencyName": "Shekel",
      "currencySymbol": "?",
      "capitalLatitude": null,
      "capitalLongitude": null,
      "isoNumeric": 275
    },
    {
      "countryName": "Rwanda",
      "countryCode1": "RW",
      "countryCode2": "RWA",
      "countryFlag": "RW.png",
      "capital": "",
      "currencyCode": "RWF",
      "currencyName": "Franc",
      "currencySymbol": "",
      "capitalLatitude": null,
      "capitalLongitude": null,
      "isoNumeric": 646
    },
    {
      "countryName": "Angola",
      "countryCode1": "AO",
      "countryCode2": "AGO",
      "countryFlag": "AO.png",
      "capital": "",
      "currencyCode": "AOA",
      "currencyName": "Kwanza",
      "currencySymbol": "Kz",
      "capitalLatitude": null,
      "capitalLongitude": null,
      "isoNumeric": 24
    },
    {
      "countryName": "New Caledonia",
      "countryCode1": "NC",
      "countryCode2": "NCL",
      "countryFlag": "NC.png",
      "capital": "",
      "currencyCode": "XPF",
      "currencyName": "Franc",
      "currencySymbol": "",
      "capitalLatitude": null,
      "capitalLongitude": null,
      "isoNumeric": 540
    },
    {
      "countryName": "Cook Islands",
      "countryCode1": "CK",
      "countryCode2": "COK",
      "countryFlag": "CK.png",
      "capital": "",
      "currencyCode": "NZD",
      "currencyName": "Dollar",
      "currencySymbol": "$",
      "capitalLatitude": null,
      "capitalLongitude": null,
      "isoNumeric": 184
    },
    {
      "countryName": "American Samoa",
      "countryCode1": "AS",
      "countryCode2": "ASM",
      "countryFlag": "AS.png",
      "capital": "",
      "currencyCode": "USD",
      "currencyName": "Dollar",
      "currencySymbol": "$",
      "capitalLatitude": null,
      "capitalLongitude": null,
      "isoNumeric": 16
    },
    {
      "countryName": "Tajikistan",
      "countryCode1": "TJ",
      "countryCode2": "TJK",
      "countryFlag": "TJ.png",
      "capital": "",
      "currencyCode": null,
      "currencyName": null,
      "currencySymbol": null,
      "capitalLatitude": null,
      "capitalLongitude": null,
      "isoNumeric": 0
    },
    {
      "countryName": "Palau",
      "countryCode1": "PW",
      "countryCode2": "PLW",
      "countryFlag": "PW.png",
      "capital": "",
      "currencyCode": "USD",
      "currencyName": "Dollar",
      "currencySymbol": "$",
      "capitalLatitude": null,
      "capitalLongitude": null,
      "isoNumeric": 585
    },
    {
      "countryName": "Saint Pierre and Miquelon",
      "countryCode1": "PM",
      "countryCode2": "SPM",
      "countryFlag": "PM.png",
      "capital": "",
      "currencyCode": "EUR",
      "currencyName": "Euro",
      "currencySymbol": "€",
      "capitalLatitude": null,
      "capitalLongitude": null,
      "isoNumeric": 666
    },
    {
      "countryName": "Bermuda",
      "countryCode1": "BM",
      "countryCode2": "BMU",
      "countryFlag": "BM.png",
      "capital": "",
      "currencyCode": "BMD",
      "currencyName": "Dollar",
      "currencySymbol": "$",
      "capitalLatitude": null,
      "capitalLongitude": null,
      "isoNumeric": 60
    },
    {
      "countryName": "Tanzania",
      "countryCode1": "TZ",
      "countryCode2": "TZA",
      "countryFlag": "TZ.png",
      "capital": "",
      "currencyCode": "TZS",
      "currencyName": "Shilling",
      "currencySymbol": "",
      "capitalLatitude": null,
      "capitalLongitude": null,
      "isoNumeric": 834
    },
    {
      "countryName": "South Korea",
      "countryCode1": "KR",
      "countryCode2": "KOR",
      "countryFlag": "KR.png",
      "capital": "",
      "currencyCode": "KRW",
      "currencyName": "Won",
      "currencySymbol": "?",
      "capitalLatitude": null,
      "capitalLongitude": null,
      "isoNumeric": 410
    },
    {
      "countryName": "Macedonia",
      "countryCode1": "MK",
      "countryCode2": "MKD",
      "countryFlag": "MK.png",
      "capital": "",
      "currencyCode": "MKD",
      "currencyName": "Denar",
      "currencySymbol": "???",
      "capitalLatitude": null,
      "capitalLongitude": null,
      "isoNumeric": 807
    },
    {
      "countryName": "Nauru",
      "countryCode1": "NR",
      "countryCode2": "NRU",
      "countryFlag": "NR.png",
      "capital": "",
      "currencyCode": "AUD",
      "currencyName": "Dollar",
      "currencySymbol": "$",
      "capitalLatitude": null,
      "capitalLongitude": null,
      "isoNumeric": 520
    },
    {
      "countryName": "Botswana",
      "countryCode1": "BW",
      "countryCode2": "BWA",
      "countryFlag": "BW.png",
      "capital": "",
      "currencyCode": "BWP",
      "currencyName": "Pula",
      "currencySymbol": "P",
      "capitalLatitude": null,
      "capitalLongitude": null,
      "isoNumeric": 72
    },
    {
      "countryName": "Sri Lanka",
      "countryCode1": "LK",
      "countryCode2": "LKA",
      "countryFlag": "LK.png",
      "capital": "",
      "currencyCode": "LKR",
      "currencyName": "Rupee",
      "currencySymbol": "?",
      "capitalLatitude": null,
      "capitalLongitude": null,
      "isoNumeric": 144
    },
    {
      "countryName": "Luxembourg",
      "countryCode1": "LU",
      "countryCode2": "LUX",
      "countryFlag": "LU.png",
      "capital": "",
      "currencyCode": "EUR",
      "currencyName": "Euro",
      "currencySymbol": "€",
      "capitalLatitude": null,
      "capitalLongitude": null,
      "isoNumeric": 442
    },
    {
      "countryName": "Guinea",
      "countryCode1": "GN",
      "countryCode2": "GIN",
      "countryFlag": "GN.png",
      "capital": "",
      "currencyCode": "GNF",
      "currencyName": "Franc",
      "currencySymbol": "",
      "capitalLatitude": null,
      "capitalLongitude": null,
      "isoNumeric": 324
    },
    {
      "countryName": "New Country",
      "countryCode1": "KK",
      "countryCode2": "KK",
      "countryFlag": "KK.png",
      "capital": "New Country",
      "currencyCode": "pp",
      "currencyName": "ppp",
      "currencySymbol": "ppp",
      "capitalLatitude": null,
      "capitalLongitude": null,
      "isoNumeric": 230
    },
    {
      "countryName": "Malaysia",
      "countryCode1": "MY",
      "countryCode2": "MYS",
      "countryFlag": "MY.png",
      "capital": "",
      "currencyCode": "MYR",
      "currencyName": "Ringgit",
      "currencySymbol": "RM",
      "capitalLatitude": null,
      "capitalLongitude": null,
      "isoNumeric": 458
    },
    {
      "countryName": "Russia",
      "countryCode1": "RU",
      "countryCode2": "RUS",
      "countryFlag": "RU.png",
      "capital": "",
      "currencyCode": "RUB",
      "currencyName": "Ruble",
      "currencySymbol": "???",
      "capitalLatitude": null,
      "capitalLongitude": null,
      "isoNumeric": 643
    },
    {
      "countryName": "Christmas Island",
      "countryCode1": "CX",
      "countryCode2": "CXR",
      "countryFlag": "CX.png",
      "capital": "",
      "currencyCode": "AUD",
      "currencyName": "Dollar",
      "currencySymbol": "$",
      "capitalLatitude": null,
      "capitalLongitude": null,
      "isoNumeric": 162
    },
    {
      "countryName": "Cocos Islands",
      "countryCode1": "CC",
      "countryCode2": "CCK",
      "countryFlag": "CC.png",
      "capital": "",
      "currencyCode": "AUD",
      "currencyName": "Dollar",
      "currencySymbol": "$",
      "capitalLatitude": null,
      "capitalLongitude": null,
      "isoNumeric": 166
    },
    {
      "countryName": "Venezuela",
      "countryCode1": "VE",
      "countryCode2": "VEN",
      "countryFlag": "VE.png",
      "capital": "",
      "currencyCode": "VEF",
      "currencyName": "Bolivar",
      "currencySymbol": "Bs",
      "capitalLatitude": null,
      "capitalLongitude": null,
      "isoNumeric": 862
    },
    {
      "countryName": "Denmark",
      "countryCode1": "DK",
      "countryCode2": "DNK",
      "countryFlag": "DK.png",
      "capital": "",
      "currencyCode": "DKK",
      "currencyName": "Krone",
      "currencySymbol": "kr",
      "capitalLatitude": null,
      "capitalLongitude": null,
      "isoNumeric": 208
    },
    {
      "countryName": "Iraq",
      "countryCode1": "IQ",
      "countryCode2": "IRQ",
      "countryFlag": "IQ.png",
      "capital": "",
      "currencyCode": "IQD",
      "currencyName": "Dinar",
      "currencySymbol": "",
      "capitalLatitude": null,
      "capitalLongitude": null,
      "isoNumeric": 368
    },
    {
      "countryName": "Ukraine",
      "countryCode1": "UA",
      "countryCode2": "UKR",
      "countryFlag": "UA.png",
      "capital": "",
      "currencyCode": "UAH",
      "currencyName": "Hryvnia",
      "currencySymbol": "?",
      "capitalLatitude": null,
      "capitalLongitude": null,
      "isoNumeric": 804
    },
    {
      "countryName": "Chile",
      "countryCode1": "CL",
      "countryCode2": "CHL",
      "countryFlag": "CL.png",
      "capital": "",
      "currencyCode": "CLP",
      "currencyName": "Peso",
      "currencySymbol": "",
      "capitalLatitude": null,
      "capitalLongitude": null,
      "isoNumeric": 152
    },
    {
      "countryName": "France",
      "countryCode1": "FR",
      "countryCode2": "FRA",
      "countryFlag": "FR.png",
      "capital": "",
      "currencyCode": "EUR",
      "currencyName": "Euro",
      "currencySymbol": "€",
      "capitalLatitude": null,
      "capitalLongitude": null,
      "isoNumeric": 250
    },
    {
      "countryName": "Philippines",
      "countryCode1": "PH",
      "countryCode2": "PHL",
      "countryFlag": "PH.png",
      "capital": "",
      "currencyCode": "PHP",
      "currencyName": "Peso",
      "currencySymbol": "Php",
      "capitalLatitude": null,
      "capitalLongitude": null,
      "isoNumeric": 608
    },
    {
      "countryName": "Turkey",
      "countryCode1": "TR",
      "countryCode2": "TUR",
      "countryFlag": "TR.png",
      "capital": "",
      "currencyCode": "TRY",
      "currencyName": "Lira",
      "currencySymbol": "YTL",
      "capitalLatitude": null,
      "capitalLongitude": null,
      "isoNumeric": 792
    }
  ]
}
